{"files": [{"file": "csv_client\/animations.csv", "sha": "f0229147d4d174f789ff1f24a652ce89c38e9abe"}, {"file": "csv_client\/billing_packages.csv", "sha": "08b850ebb0974f3cf29be120f6126f0e4de2cffc"}, {"file": "csv_client\/client_globals.csv", "sha": "c7e503f51266bf0b83218f8a49e59e08944dbcaa"}, {"file": "csv_client\/color_gradients.csv", "sha": "854dcea919e5b0543d3382015cb095949a00f15a"}, {"file": "csv_client\/credits.csv", "sha": "89b38b93310815b59c3dfb6e00591c53a1f4dbac"}, {"file": "csv_client\/effects.csv", "sha": "18ecdaa486992ca3c65942a568c98a201af40d7a"}, {"file": "csv_client\/faces.csv", "sha": "a1131705cf2f9cce809c9ec1d43740606cc5483a"}, {"file": "csv_client\/health_bars.csv", "sha": "d8d106cc9f148b0f675d35a742c1e7ea19f4ef58"}, {"file": "csv_client\/hints.csv", "sha": "d3fd405b1637e6e39b1d049b897e6262ce1f2e1a"}, {"file": "csv_client\/links.csv", "sha": "a62a2762f4f0594b0cc9a6e5be8875f7a9a2bb2c"}, {"file": "csv_client\/local_notifications.csv", "sha": "45737b65993dccf52ed5cdffff7e6bcb3e46f5b7"}, {"file": "csv_client\/music.csv", "sha": "8baabbe8987d125c4283a133269cd7869e60aba4"}, {"file": "csv_client\/particle_emitters.csv", "sha": "7536ff3d224b6786ad738a56211b201c264df762"}, {"file": "csv_client\/particle_emitters.json", "sha": "3013338ff68cc7de9062df6ce5ce320fa4953738"}, {"file": "csv_client\/shop_items.csv", "sha": "5055a45a45b9231446ed05934ef7c5efe277d1d0"}, {"file": "csv_client\/sounds.csv", "sha": "d73543730d5ca77307c5814e34ab341b48533a19"}, {"file": "csv_client\/tutorial.csv", "sha": "bbd00933df5dd4d55838350fa22bfd78a99649f1"}, {"file": "csv_logic\/accessories.csv", "sha": "bbd80c5b87849a30572a6c2e3769fb4fc66e1666"}, {"file": "csv_logic\/alliance_badges.csv", "sha": "6eed33fafb6f1669b57d054dc771f0a51a694dc3"}, {"file": "csv_logic\/alliance_roles.csv", "sha": "6ff1ed3b6d043b29d189a683cef91a514fb623d0"}, {"file": "csv_logic\/area_effects.csv", "sha": "af1d8d5149dcf8a0f541656f0ae38c0b0bf02ce6"}, {"file": "csv_logic\/bosses.csv", "sha": "c9c1fa4d7069d3394b5cdabaea14b7fd3f0cf0d9"}, {"file": "csv_logic\/campaign.csv", "sha": "128b204bb9dda87183b0f213ad9fa66e9e17daff"}, {"file": "csv_logic\/cards.csv", "sha": "5d29b56288953faa8305bac46a4f403b1350e67e"}, {"file": "csv_logic\/challenges.csv", "sha": "0e60a732cd55ab7ac060db7bb83b2aecb0a41d9d"}, {"file": "csv_logic\/characters.csv", "sha": "2c02e86a6ab9cdce5f17d4795ca3568f5c969c24"}, {"file": "csv_logic\/game_mode_variations.csv", "sha": "f4f6816abf7a57c89a4dcb8d5a5fdb224145377c"}, {"file": "csv_logic\/globals.csv", "sha": "9fcd64ae36c7d99501b771c7d3c824752530af36"}, {"file": "csv_logic\/items.csv", "sha": "d6b41e756a3f94484c8fe7a2e627608f9ce1bfcf"}, {"file": "csv_logic\/locales.csv", "sha": "700a30c2feab269026e093f93d9df3077527b392"}, {"file": "csv_logic\/locations.csv", "sha": "58aeb362559e31f0e55323693987d501f5fea655"}, {"file": "csv_logic\/location_themes.csv", "sha": "afe82ecf3bf5d8229edee5c8c3845bb725a2622a"}, {"file": "csv_logic\/maps.csv", "sha": "14dfb5b164783a4c92a085ae52fafa7079ea1c75"}, {"file": "csv_logic\/map_blocks.csv", "sha": "6074f7a5e453824621c5fb1918feaddca4cdb1b4"}, {"file": "csv_logic\/messages.csv", "sha": "a750ed487622020758f194dfa7a0351e829a0bc3"}, {"file": "csv_logic\/milestones.csv", "sha": "1d5e2278c2b5e967690ed31a534d09f4721b64c3"}, {"file": "csv_logic\/name_colors.csv", "sha": "afe5730415195645a8fc6c0fca07cc11d1b4119a"}, {"file": "csv_logic\/pins.csv", "sha": "f97a722faf03bd4ed68b5c1074a39e974f6021e3"}, {"file": "csv_logic\/player_thumbnails.csv", "sha": "da6f14d59fec61da3217a04997b98f2d79c3552d"}, {"file": "csv_logic\/projectiles.csv", "sha": "e7133242ddf742d952fba13d00cf3062011dfe7d"}, {"file": "csv_logic\/regions.csv", "sha": "06e4e7d61eed2f143a330480b1c8d9d1af37a91b"}, {"file": "csv_logic\/resources.csv", "sha": "da3be400f9465f2127a69bed4c0c7d2d515342c6"}, {"file": "csv_logic\/skills.csv", "sha": "14dccde0656200c8dab1ae469067fe615259c481"}, {"file": "csv_logic\/skins.csv", "sha": "d4c4df9a4a20f19cf6ba79efe4ebaaefbfe3b785"}, {"file": "csv_logic\/skinsrarity.csv", "sha": "13c4ac04f26c719f847690ee57cb68bec7d09fed"}, {"file": "csv_logic\/skin_confs.csv", "sha": "a82e93a4c1d03389222fbfbc2790a1e3456da829"}, {"file": "csv_logic\/themes.csv", "sha": "215bebff5945f4eb36b30b910ef80c2d62292afe"}, {"file": "csv_logic\/tiles.csv", "sha": "7e7f11ba88a7737514519225841795d3c8a062f3"}], "sha": "3e35547be17eb2201054ca63b63846a5939ecad0", "version": "26.165.3"}